{"frames":{"width":120,"height":120},"images":["https://media.boxcritters.com/emotes/sprites.png"],"animations":{"hamster/adventure":0,"hamster/angry":1,"hamster/awe":2,"hamster/blush":3,"hamster/cheeky":4,"hamster/coffee":5,"hamster/confused":6,"hamster/cool":7,"hamster/crying":8,"hamster/daze":9,"hamster/fart":10,"hamster/gg":11,"hamster/happy":12,"hamster/idea":13,"hamster/laugh":14,"hamster/sad":15,"hamster/scared":16,"hamster/serious":17,"hamster/sick":18,"hamster/sleep":19,"hamster/smile":20,"hamster/thumbs_up":21,"hamster/upset":22,"hamster/worry":23,"hamster/yum":24,"snail/adventure":25,"snail/angry":26,"snail/awe":27,"snail/blush":28,"snail/cheeky":29,"snail/coffee":30,"snail/confused":31,"snail/cool":32,"snail/crying":33,"snail/daze":34,"snail/fart":35,"snail/gg":36,"snail/happy":37,"snail/idea":38,"snail/laugh":39,"snail/sad":40,"snail/scared":41,"snail/serious":42,"snail/sick":43,"snail/sleep":44,"snail/smile":45,"snail/thumbs_up":46,"snail/upset":47,"snail/worry":48,"snail/yum":49}}