[{"roomId":"cellar","name":"Cellar","width":855,"height":480,"startX":100,"startY":380,"startR":180,"background":"https://media.boxcritters.com/rooms/cellar/9eab399e4b3102075b00ed25667b0fa7/background.png","foreground":"https://media.boxcritters.com/rooms/cellar/9eab399e4b3102075b00ed25667b0fa7/foreground.png","treasure":"https://media.boxcritters.com/rooms/cellar/9eab399e4b3102075b00ed25667b0fa7/treasure.png","navMesh":"https://media.boxcritters.com/rooms/cellar/9eab399e4b3102075b00ed25667b0fa7/navmesh.png","music":"https://media.boxcritters.com/rooms/cellar/9eab399e4b3102075b00ed25667b0fa7/music.mp3","layout":"https://media.boxcritters.com/rooms/cellar/9eab399e4b3102075b00ed25667b0fa7/layout.json","triggers":[{"hex":"ff0000","world":{"joinRoom":"tavern"}},{"hex":"7f0000","world":{"joinRoom":"crash_site"}}],"spriteSheet":"https://media.boxcritters.com/rooms/cellar/9eab399e4b3102075b00ed25667b0fa7/sprites.json","extra":null},{"roomId":"crash_site","name":"Crash Site","width":2000,"height":480,"startX":1850,"startY":250,"startR":180,"background":"https://media.boxcritters.com/rooms/crash_site/04c82b38bdf12282d03fbacba4feb1b6/background.png","foreground":"https://media.boxcritters.com/rooms/crash_site/04c82b38bdf12282d03fbacba4feb1b6/foreground.png","treasure":"https://media.boxcritters.com/rooms/crash_site/04c82b38bdf12282d03fbacba4feb1b6/treasure.png","navMesh":"https://media.boxcritters.com/rooms/crash_site/04c82b38bdf12282d03fbacba4feb1b6/navmesh.png","layout":"https://media.boxcritters.com/rooms/crash_site/04c82b38bdf12282d03fbacba4feb1b6/layout.json","triggers":[{"hex":"00cc00","room":{"hide":["ship_wall"]}},{"hex":"ff00ff","room":{"name":"explosion"}},{"hex":"00ffff","world":{"joinRoom":"cellar"}},{"hex":"00ccff","server":{"grantItem":"bb_huggable"}},{"hex":"0099ff","server":{"grantItem":"bb_beebee"}},{"hex":"f592e2","server":{"grantItem":"bb_will"}},{"hex":"6633cc","server":{"grantItem":"bb_astoria"}},{"hex":"ffcc00","server":{"grantItem":"bb_oliver"}},{"hex":"66cc99","server":{"grantItem":"bb_riggs"}},{"hex":"66ff00","server":{"grantItem":"bb_tillman"}}],"spriteSheet":"https://media.boxcritters.com/rooms/crash_site/04c82b38bdf12282d03fbacba4feb1b6/sprites.json","extra":null},{"roomId":"port","name":"Port","width":2400,"height":480,"startX":1290,"startY":285,"startR":180,"background":"https://media.boxcritters.com/rooms/port/718903437de8947f4b6a1b59dc1fd108/background.png","foreground":"https://media.boxcritters.com/rooms/port/718903437de8947f4b6a1b59dc1fd108/foreground.png","treasure":"https://media.boxcritters.com/rooms/port/718903437de8947f4b6a1b59dc1fd108/treasure.png","navMesh":"https://media.boxcritters.com/rooms/port/718903437de8947f4b6a1b59dc1fd108/navmesh.png","music":"https://media.boxcritters.com/rooms/port/718903437de8947f4b6a1b59dc1fd108/music.mp3","layout":"https://media.boxcritters.com/rooms/port/718903437de8947f4b6a1b59dc1fd108/layout.json","triggers":[{"hex":"990000","world":{"joinRoom":"tavern"}},{"hex":"00ffff","server2":{"joinGame":"card_proxy"}},{"hex":"330000","world":{"showShop":"pirate"}},{"hex":"e61900","world":{"joinRoom":"shack"}}],"spriteSheet":"https://media.boxcritters.com/rooms/port/718903437de8947f4b6a1b59dc1fd108/sprites.json","extra":null},{"roomId":"shack","name":"Shack","width":855,"height":480,"startX":693,"startY":234,"startR":225,"background":"https://media.boxcritters.com/rooms/shack/3a0e2fc57c938b81e8e02e84f060d5eb/background.png","foreground":"https://media.boxcritters.com/rooms/shack/3a0e2fc57c938b81e8e02e84f060d5eb/foreground.png","treasure":"https://media.boxcritters.com/rooms/shack/3a0e2fc57c938b81e8e02e84f060d5eb/treasure.png","navMesh":"https://media.boxcritters.com/rooms/shack/3a0e2fc57c938b81e8e02e84f060d5eb/navmesh.png","layout":"https://media.boxcritters.com/rooms/shack/3a0e2fc57c938b81e8e02e84f060d5eb/layout.json","triggers":[{"hex":"ff0000","world":{"joinRoom":"port"}}],"spriteSheet":"https://media.boxcritters.com/rooms/shack/3a0e2fc57c938b81e8e02e84f060d5eb/sprites.json","extra":null},{"roomId":"tavern","name":"Tavern","width":855,"height":480,"startX":440,"startY":210,"startR":180,"background":"https://media.boxcritters.com/rooms/tavern/2167ee1f957f5b02e45198e4640a3809/background.png","foreground":"https://media.boxcritters.com/rooms/tavern/2167ee1f957f5b02e45198e4640a3809/foreground.png","treasure":"https://media.boxcritters.com/rooms/tavern/2167ee1f957f5b02e45198e4640a3809/treasure.png","navMesh":"https://media.boxcritters.com/rooms/tavern/2167ee1f957f5b02e45198e4640a3809/navmesh.png","music":"https://media.boxcritters.com/rooms/tavern/2167ee1f957f5b02e45198e4640a3809/music.mp3","layout":"https://media.boxcritters.com/rooms/tavern/2167ee1f957f5b02e45198e4640a3809/layout.json","triggers":[{"hex":"ff0000","world":{"joinRoom":"cellar"}},{"hex":"00ff00","world":{"joinRoom":"port"}}],"spriteSheet":"https://media.boxcritters.com/rooms/tavern/2167ee1f957f5b02e45198e4640a3809/sprites.json","extra":null}]