[{"critterId":"hamster","regX":68,"regY":140,"type":"critter","hasEars":true,"hasTail":false,"spriteSheet":"/media/critters/hamster/sprites.json"},{"critterId":"raccoon","regX":68,"regY":140,"type":"critter","hasEars":true,"hasTail":true,"spriteSheet":"/media/critters/raccoon/sprites.json"},{"critterId":"beaver","regX":68,"regY":140,"type":"critter","hasEars":true,"hasTail":true,"spriteSheet":"/media/critters/beaver/sprites.json"},{"critterId":"lizard","regX":68,"regY":140,"type":"critter","hasEars":true,"hasTail":false,"spriteSheet":"/media/critters/lizard/sprites.json"}]
