[{"roomId":"crash_site","width":2000,"height":480,"startX":1850,"startY":250,"startR":180,"triggers":[{"hex":"00cc00","room":{"hide":["ship_wall"]}},{"hex":"ff00ff","room":{"name":"explosion"}},{"hex":"00ffff","world":{"joinRoom":"cellar"}},{"hex":"00ccff","server":{"grantItem":"bb_huggable"}},{"hex":"0099ff","server":{"grantItem":"bb_beebee"}},{"hex":"f592e2","server":{"grantItem":"bb_will"}},{"hex":"6633cc","server":{"grantItem":"bb_astoria"}},{"hex":"ffcc00","server":{"grantItem":"bb_oliver"}},{"hex":"66cc99","server":{"grantItem":"bb_riggs"}},{"hex":"66ff00","server":{"grantItem":"bb_tillman"}}],"spriteSheet":"/media/rooms/crash_site/59c8620ab3bf0d94a5ac32940c0017a0/sprites.json","background":"/media/rooms/crash_site/59c8620ab3bf0d94a5ac32940c0017a0/background.png","foreground":"/media/rooms/crash_site/59c8620ab3bf0d94a5ac32940c0017a0/foreground.png","navMesh":"/media/rooms/crash_site/59c8620ab3bf0d94a5ac32940c0017a0/navmesh.png","map":"/media/rooms/crash_site/59c8620ab3bf0d94a5ac32940c0017a0/map.png","layout":"/media/rooms/crash_site/59c8620ab3bf0d94a5ac32940c0017a0/layout.json"},{"roomId":"tavern","width":855,"height":480,"startX":440,"startY":225,"startR":180,"triggers":[{"hex":"ff0000","world":{"joinRoom":"cellar"}},{"hex":"00ff00","world":{"joinRoom":"port"}}],"spriteSheet":"/media/rooms/tavern/d3ca9c2bc581751ea18f7c4fb82301c1/sprites.json","background":"/media/rooms/tavern/d3ca9c2bc581751ea18f7c4fb82301c1/background.png","foreground":"/media/rooms/tavern/d3ca9c2bc581751ea18f7c4fb82301c1/foreground.png","navMesh":"/media/rooms/tavern/d3ca9c2bc581751ea18f7c4fb82301c1/navmesh.png","map":"/media/rooms/tavern/d3ca9c2bc581751ea18f7c4fb82301c1/map.png","layout":"/media/rooms/tavern/d3ca9c2bc581751ea18f7c4fb82301c1/layout.json"},{"roomId":"port","width":2400,"height":480,"startX":1290,"startY":315,"startR":180,"triggers":[{"hex":"990000","world":{"joinRoom":"tavern"}},{"hex":"ffff00","server":{"grantItem":"grad_robe"}},{"hex":"ffcc00","server":{"grantItem":"grad_hat"}},{"hex":"00ffff","server2":{"joinGame":"card_proxy"}}],"isLobby":true,"spriteSheet":"/media/rooms/port/e7e86781222d7a1781b618333529cfae/sprites.json","background":"/media/rooms/port/e7e86781222d7a1781b618333529cfae/background.png","foreground":"/media/rooms/port/e7e86781222d7a1781b618333529cfae/foreground.png","navMesh":"/media/rooms/port/e7e86781222d7a1781b618333529cfae/navmesh.png","map":"/media/rooms/port/e7e86781222d7a1781b618333529cfae/map.png","layout":"/media/rooms/port/e7e86781222d7a1781b618333529cfae/layout.json"},{"roomId":"cellar","width":855,"height":480,"startX":100,"startY":360,"startR":180,"triggers":[{"hex":"ff0000","world":{"joinRoom":"tavern"}},{"hex":"7f0000","world":{"joinRoom":"crash_site"}}],"spriteSheet":"/media/rooms/cellar/ac73c11e2bd597411fdc47d093e478af/sprites.json","background":"/media/rooms/cellar/ac73c11e2bd597411fdc47d093e478af/background.png","foreground":"/media/rooms/cellar/ac73c11e2bd597411fdc47d093e478af/foreground.png","navMesh":"/media/rooms/cellar/ac73c11e2bd597411fdc47d093e478af/navmesh.png","map":"/media/rooms/cellar/ac73c11e2bd597411fdc47d093e478af/map.png","layout":"/media/rooms/cellar/ac73c11e2bd597411fdc47d093e478af/layout.json"}]
