[{"RoomId":"crash_site","Name":"Crash Site","Description":"The Battle Bears have crashed on the Huggable planet.","Width":2000,"Height":480,"StartX":1850,"StartY":250,"StartR":180,"NavMesh":"https://media.boxcritters.com/media/rooms/crash_site/179d6069afc36c000241fde9546c6afd/navmesh.png","Background":"https://media.boxcritters.com/media/rooms/crash_site/179d6069afc36c000241fde9546c6afd/background.png","Foreground":"https://media.boxcritters.com/media/rooms/crash_site/179d6069afc36c000241fde9546c6afd/foreground.png","Hash":"179d6069afc36c000241fde9546c6afd","Map":"https://media.boxcritters.com/media/rooms/crash_site/179d6069afc36c000241fde9546c6afd/map_client.png","Layout":{"Playground":[{"id":"BBBlasterBox","name":"","w":186.45,"h":134.45,"x":1586,"y":193.6,"regX":10,"regY":80},{"id":"Obj_OutsidePortal","name":"","w":140.8,"h":156.35,"x":1874.95,"y":47,"regX":69,"regY":1},{"id":"Obj_ShipWallFront","name":"","w":1093.65,"h":288.45,"x":910,"y":303,"regX":420,"regY":102},{"id":"Obj_BoxBear","name":"","w":218.65,"h":68.35,"x":1457.85,"y":451.4,"regX":109,"regY":30},{"id":"Obj_Rock1","name":"","w":27.95,"h":15.9,"x":1613.1,"y":262.25,"regX":13,"regY":3},{"id":"Obj_Rock2","name":"","w":47.3,"h":28.3,"x":1885,"y":325.5,"regX":23,"regY":8},{"id":"Obj_PopsicleBox","name":"","w":83.6,"h":54.1,"x":1639.6,"y":410.25,"regX":1,"regY":32},{"id":"Obj_Burito1","name":"","w":156.05,"h":83.4,"x":1550,"y":331,"regX":77,"regY":21},{"id":"Obj_Bush1","name":"","w":99.5,"h":86,"x":70.75,"y":286,"regX":89,"regY":50},{"id":"Obj_CockpitWindow","name":"","w":527.65,"h":251.85,"x":1077.05,"y":315.05,"regX":263,"regY":45},{"id":"Obj_ShipWall","name":"ship_wall","w":612.5,"h":453.3,"x":900,"y":260,"regX":328,"regY":256},{"id":"Obj_Table","name":"","w":260,"h":91.9,"x":851,"y":227.05,"regX":130,"regY":73},{"id":"Obj_Stool03","name":"","w":46.75,"h":28.3,"x":944.45,"y":232.9,"regX":23,"regY":2},{"id":"Obj_Stool02","name":"","w":46.75,"h":28.3,"x":867.45,"y":249.9,"regX":23,"regY":2},{"id":"Obj_Stool01","name":"","w":46.75,"h":28.3,"x":755.45,"y":234.9,"regX":23,"regY":2},{"id":"Obj_Seat04","name":"","w":67.15,"h":70.2,"x":1185.9,"y":174.55,"regX":33,"regY":37},{"id":"Obj_Seat03","name":"","w":65.35,"h":78.5,"x":1085.35,"y":200.4,"regX":32,"regY":39},{"id":"Obj_Seat02","name":"","w":68.35,"h":70.45,"x":1218,"y":198.15,"regX":34,"regY":36},{"id":"Obj_Seat01","name":"","w":73.9,"h":81.75,"x":1136.4,"y":229.15,"regX":36,"regY":44}]},"Triggers":[{"hex":"00cc00","hide":["ship_wall"]}],"Sprites":{"images":["https://media.boxcritters.com/media/rooms/crash_site/179d6069afc36c000241fde9546c6afd/sprites.png"],"framerate":20,"frames":[[1,1,614,329,0,0,0],[1,332,529,253,0,0,0],[532,332,142,158,0,0,0],[532,492,262,93,0,0,0],[617,1,1095,290,0,0,0],[1714,1,142,158,0,0,0],[1714,161,142,158,0,0,0],[617,293,49,30,0,0,0],[668,293,48,30,0,0,0],[676,325,142,158,0,0,0],[718,293,48,30,0,0,0],[768,293,48,30,0,0,0],[796,485,101,88,0,0,0],[820,321,142,158,0,0,0],[818,293,29,17,0,0,0],[899,481,158,85,0,0,0],[964,321,142,158,0,0,0],[1059,481,75,83,0,0,0],[1108,321,142,158,0,0,0],[1136,481,67,80,0,0,0],[1205,481,70,72,0,0,0],[1252,321,142,158,0,0,0],[1277,481,69,72,0,0,0],[1348,481,220,70,0,0,0],[1570,293,142,158,0,0,0],[1570,453,184,128,0,0,0],[1756,321,84,55,0,0,0],[1396,293,142,158,0,0,0]],"animations":{"Obj_ShipWall":{"frames":[0]},"Obj_CockpitWindow":{"frames":[1]},"Obj_OutsidePortal":{"frames":[2,5,6,9,13,16,18,21,24,27]},"Obj_Table":{"frames":[3]},"Obj_ShipWallFront":{"frames":[4]},"Obj_Rock2":{"frames":[7]},"Obj_Stool01":{"frames":[8]},"Obj_Stool02":{"frames":[10]},"Obj_Stool03":{"frames":[11]},"Obj_Bush1":{"frames":[12]},"Obj_Rock1":{"frames":[14]},"Obj_Burito1":{"frames":[15]},"Obj_Seat01":{"frames":[17]},"Obj_Seat03":{"frames":[19]},"Obj_Seat02":{"frames":[20]},"Obj_Seat04":{"frames":[22]},"Obj_BoxBear":{"frames":[23]},"BBBlasterBox":{"frames":[25]},"Obj_PopsicleBox":{"frames":[26]}}}},{"RoomId":"cellar","Name":"Cellar","Description":"Tavern Cellar","Width":855,"Height":480,"StartX":100,"StartY":380,"StartR":180,"NavMesh":"https://media.boxcritters.com/media/rooms/cellar/c84cde8141d0abb3231d735dd16dd0a7/navmesh.png","Background":"https://media.boxcritters.com/media/rooms/cellar/c84cde8141d0abb3231d735dd16dd0a7/background.png","Foreground":"https://media.boxcritters.com/media/rooms/cellar/c84cde8141d0abb3231d735dd16dd0a7/foreground.png","Hash":"c84cde8141d0abb3231d735dd16dd0a7","Layout":{"ServerMap":[{"id":"Triggers","name":"","w":795.9,"h":208.9,"x":0,"y":0,"regX":-10,"regY":-274}],"Playground":[{"id":"Prop_TP24Crate","name":"","w":132.45,"h":119.65,"x":344.95,"y":286.85,"regX":64,"regY":60},{"id":"Prop_TP05","name":"","w":38.1,"h":36.45,"x":232.8,"y":287.45,"regX":18,"regY":22},{"id":"Prop_TP07","name":"","w":35.1,"h":33.7,"x":409.3,"y":377.85,"regX":17,"regY":22},{"id":"Prop_TP06","name":"","w":35.25,"h":33.5,"x":385.8,"y":395.95,"regX":17,"regY":22},{"id":"Prop_TP08","name":"","w":37.35,"h":57,"x":423.1,"y":389.8,"regX":18,"regY":43},{"id":"Prop_TP25Pallet","name":"","w":276.55,"h":167.7,"x":591.3,"y":283.05,"regX":138,"regY":41},{"id":"Prop_TP23","name":"","w":39.05,"h":35.9,"x":659.8,"y":359.5,"regX":19,"regY":14},{"id":"Prop_TP12","name":"","w":33.05,"h":53.9,"x":481.7,"y":303.6,"regX":16,"regY":41},{"id":"Prop_TP11","name":"","w":36.65,"h":96.1,"x":589.85,"y":291.2,"regX":18,"regY":84},{"id":"Prop_TP10","name":"","w":32.65,"h":30.6,"x":545.35,"y":293.45,"regX":16,"regY":21},{"id":"Prop_TP13","name":"","w":33.75,"h":84.1,"x":634.8,"y":313.25,"regX":16,"regY":74},{"id":"Prop_TP18","name":"","w":34.1,"h":60.05,"x":654.6,"y":327.45,"regX":17,"regY":50},{"id":"Prop_TP17","name":"","w":31.95,"h":34.7,"x":623.65,"y":329.7,"regX":15,"regY":24},{"id":"Prop_TP14","name":"","w":32.65,"h":32.75,"x":515.6,"y":329.1,"regX":16,"regY":23},{"id":"Prop_TP15","name":"","w":31.95,"h":32.3,"x":547.65,"y":332.4,"regX":15,"regY":23},{"id":"Prop_TP16","name":"","w":33.65,"h":59.25,"x":581.6,"y":336.9,"regX":16,"regY":46},{"id":"Prop_TP19","name":"","w":32.65,"h":32.75,"x":525.15,"y":341.8,"regX":16,"regY":22},{"id":"Prop_TP20","name":"","w":31.95,"h":34.7,"x":592.9,"y":347.7,"regX":15,"regY":23},{"id":"Prop_TP21","name":"","w":36.6,"h":32.85,"x":550.95,"y":348,"regX":18,"regY":19},{"id":"Prop_TP22","name":"","w":36.2,"h":33.15,"x":574.45,"y":360,"regX":18,"regY":18},{"id":"Prop_TP03","name":"","w":34.7,"h":33.5,"x":434.8,"y":196.45,"regX":17,"regY":21},{"id":"Prop_TP02","name":"","w":33.3,"h":57.1,"x":416.3,"y":205,"regX":16,"regY":45},{"id":"Prop_TP04","name":"","w":33.95,"h":33.2,"x":596.95,"y":182.5,"regX":16,"regY":16},{"id":"Prop_TP01","name":"","w":35.7,"h":56.65,"x":474,"y":67.3,"regX":17,"regY":44},{"id":"Prop_StairRailing3","name":"","w":6.8,"h":22.25,"x":290.25,"y":86.8,"regX":3,"regY":19},{"id":"Prop_StairRailing4","name":"","w":6.3,"h":23.2,"x":315.55,"y":73.4,"regX":3,"regY":21},{"id":"Prop_StairRailing5","name":"","w":8.4,"h":28.15,"x":344.05,"y":59.9,"regX":4,"regY":26},{"id":"Prop_StairRailing6","name":"","w":8.2,"h":26.25,"x":366.7,"y":44.05,"regX":4,"regY":24},{"id":"Prop_StairRailing7","name":"","w":7.1,"h":25.7,"x":392.85,"y":27.65,"regX":3,"regY":23},{"id":"Prop_StairRailing8","name":"","w":8.05,"h":27.1,"x":423.05,"y":10.05,"regX":4,"regY":25},{"id":"Prop_StairRailing2","name":"","w":29.4,"h":44.9,"x":259.2,"y":110.3,"regX":14,"regY":27},{"id":"Prop_ShipRib","name":"","w":89.8,"h":252.05,"x":579.45,"y":208.95,"regX":1,"regY":227},{"id":"Prop_BigPipe","name":"","w":173.75,"h":106.55,"x":533.8,"y":227.2,"regX":5,"regY":243},{"id":"Prop_Dial1Back","name":"","w":60.95,"h":65.45,"x":630.55,"y":235.05,"regX":30,"regY":170},{"id":"PropAnim_Dial1","name":"","w":28.65,"h":30.05,"x":629.95,"y":238.65,"regX":14,"regY":159},{"id":"Prop_Dial1Front","name":"","w":79.35,"h":63.05,"x":634.05,"y":241.9,"regX":39,"regY":187},{"id":"Prop_Boiler","name":"","w":260.1,"h":363.25,"x":649.25,"y":243.55,"regX":10,"regY":301},{"id":"PropAnim_Dial2","name":"","w":29.35,"h":20.95,"x":839.4,"y":251.2,"regX":14,"regY":110},{"id":"Prop_BasketBack","name":"","w":58.5,"h":64.6,"x":313.35,"y":201.05,"regX":30,"regY":42},{"id":"Prop_BasketAndSuitPot","name":"","w":142.1,"h":111.9,"x":329.5,"y":227.05,"regX":50,"regY":68},{"id":"Prop_GolfBag","name":"","w":79.7,"h":130.3,"x":296.45,"y":266.4,"regX":60,"regY":111},{"id":"Prop_GreenCase","name":"","w":106.45,"h":124.5,"x":306.45,"y":284.3,"regX":99,"regY":62},{"id":"Prop_StairRailing1","name":"","w":312,"h":380.95,"x":172.95,"y":335.45,"regX":10,"regY":368},{"id":"Prop_SmallPipe","name":"","w":69.65,"h":52.35,"x":638.75,"y":228.8,"regX":34,"regY":246},{"id":"PropAnim_TrapDoor","name":"","w":183.45,"h":66.7,"x":464.75,"y":191,"regX":60,"regY":6}]},"Triggers":[],"Sprites":{"images":["https://media.boxcritters.com/media/rooms/cellar/c84cde8141d0abb3231d735dd16dd0a7/sprites.png"],"framerate":20,"frames":[[1,1,314,382,0,0,0],[317,1,261,365,0,0,0],[580,1,276,168,0,0,0],[580,171,89,253,0,0,0],[858,1,175,108,0,0,0],[671,171,143,112,0,0,0],[671,285,132,120,0,0,0],[1,385,171,68,0,0,0],[1,385,171,68,0,0,0],[1,385,171,68,0,0,0],[1,385,171,68,0,0,0],[1,385,171,68,0,0,0],[1,385,171,68,0,0,0],[1,385,171,68,0,0,0],[1,385,171,68,0,0,0],[1,385,171,68,0,0,0],[1,385,171,68,0,0,0],[1,385,171,68,0,0,0],[1,385,171,68,0,0,0],[1,385,171,68,0,0,0],[1,385,171,68,0,0,0],[1,385,171,68,0,0,0],[1,385,171,68,0,0,0],[1,385,171,68,0,0,0],[1,385,171,68,0,0,0],[1,385,171,68,0,0,0],[1,385,171,68,0,0,0],[1,385,171,68,0,0,0],[1,385,171,68,0,0,0],[1,385,171,68,0,0,0],[1,385,171,68,0,0,0],[1,385,171,68,0,0,0],[1,385,171,68,0,0,0],[1,385,171,68,0,0,0],[1,385,171,68,0,0,0],[1,385,171,68,0,0,0],[1,385,171,68,0,0,0],[1,385,171,68,0,0,0],[1,385,171,68,0,0,0],[1,385,171,68,0,0,0],[1,385,171,68,0,0,0],[1,385,171,68,0,0,0],[1,385,171,68,0,0,0],[1,385,171,68,0,0,0],[1,385,171,68,0,0,0],[1,385,171,68,0,0,0],[1,385,171,68,0,0,0],[1,385,171,68,0,0,0],[1,385,171,68,0,0,0],[1,385,171,68,0,0,0],[1,385,171,68,0,0,0],[1,385,171,68,0,0,0],[1,385,171,68,0,0,0],[1,385,171,68,0,0,0],[1,385,171,68,0,0,0],[1,385,171,68,0,0,0],[1,385,171,68,0,0,0],[1,385,171,68,0,0,0],[1,385,171,68,0,0,0],[1,385,171,68,0,0,0],[1,385,171,68,0,0,0],[1,385,171,68,0,0,0],[1,385,171,68,0,0,0],[1,385,171,68,0,0,0],[1,385,171,68,0,0,0],[1,385,171,68,0,0,0],[1,385,171,68,0,0,0],[1,385,171,68,0,0,0],[1,385,171,68,0,0,0],[1,385,171,68,0,0,0],[1,385,171,68,0,0,0],[1,385,171,68,0,0,0],[1,385,171,68,0,0,0],[1,385,171,68,0,0,0],[1,385,171,68,0,0,0],[1,385,171,68,0,0,0],[1,385,171,68,0,0,0],[1,385,171,68,0,0,0],[1,385,171,68,0,0,0],[1,385,171,68,0,0,0],[1,385,171,68,0,0,0],[1,385,171,68,0,0,0],[1,385,171,68,0,0,0],[1,385,171,68,0,0,0],[1,385,171,68,0,0,0],[1,385,171,68,0,0,0],[1,385,171,68,0,0,0],[1,385,171,68,0,0,0],[1,385,171,68,0,0,0],[1,385,171,68,0,0,0],[1,385,171,68,0,0,0],[1,385,171,68,0,0,0],[1,385,171,68,0,0,0],[1,385,171,68,0,0,0],[1,385,171,68,0,0,0],[1,385,171,68,0,0,0],[1,385,171,68,0,0,0],[1,385,171,68,0,0,0],[1,385,171,68,0,0,0],[1,385,171,68,0,0,0],[1,385,171,68,0,0,0],[1,385,171,68,0,0,0],[1,385,171,68,0,0,0],[1,385,171,68,0,0,0],[1,385,171,68,0,0,0],[1,385,171,68,0,0,0],[1,385,171,68,0,0,0],[1,385,171,68,0,0,0],[1,385,171,68,0,0,0],[1,385,171,68,0,0,0],[1,385,171,68,0,0,0],[1,385,171,68,0,0,0],[1,385,171,68,0,0,0],[1,385,171,68,0,0,0],[1,385,171,68,0,0,0],[1,385,171,68,0,0,0],[1,385,171,68,0,0,0],[1,385,171,68,0,0,0],[1,385,171,68,0,0,0],[1,385,171,68,0,0,0],[1,385,171,68,0,0,0],[1,385,171,68,0,0,0],[1,385,171,68,0,0,0],[1,385,171,68,0,0,0],[1,385,171,68,0,0,0],[1,385,171,68,0,0,0],[1,385,171,68,0,0,0],[1,385,171,68,0,0,0],[1,385,171,68,0,0,0],[1,385,171,68,0,0,0],[1,385,171,68,0,0,0],[1,385,171,68,0,0,0],[1,385,171,68,0,0,0],[1,385,171,68,0,0,0],[1,385,171,68,0,0,0],[1,385,171,68,0,0,0],[1,385,171,68,0,0,0],[1,385,171,68,0,0,0],[1,385,171,68,0,0,0],[1,385,171,68,0,0,0],[1,385,171,68,0,0,0],[1,385,171,68,0,0,0],[1,385,171,68,0,0,0],[1,385,171,68,0,0,0],[1,385,171,68,0,0,0],[1,385,171,68,0,0,0],[1,385,171,68,0,0,0],[1,385,171,68,0,0,0],[1,385,171,68,0,0,0],[1,385,171,68,0,0,0],[1,385,171,68,0,0,0],[1,385,171,68,0,0,0],[1,385,171,68,0,0,0],[1,385,171,68,0,0,0],[1,385,171,68,0,0,0],[1,385,171,68,0,0,0],[1,385,171,68,0,0,0],[1,385,171,68,0,0,0],[1,385,171,68,0,0,0],[1,385,171,68,0,0,0],[1,385,171,68,0,0,0],[1,385,171,68,0,0,0],[1035,1,171,68,0,0,0],[1035,1,171,68,0,0,0],[1035,1,171,68,0,0,0],[1035,1,171,68,0,0,0],[1035,1,171,68,0,0,0],[1035,1,171,68,0,0,0],[1035,1,171,68,0,0,0],[858,111,171,68,0,0,0],[858,111,171,68,0,0,0],[858,111,171,68,0,0,0],[858,111,171,68,0,0,0],[858,111,171,68,0,0,0],[174,385,171,68,0,0,0],[174,385,171,68,0,0,0],[174,385,171,68,0,0,0],[174,385,171,68,0,0,0],[174,385,171,68,0,0,0],[174,385,171,68,0,0,0],[174,385,171,68,0,0,0],[347,368,171,68,0,0,0],[347,368,171,68,0,0,0],[347,368,171,68,0,0,0],[347,368,171,68,0,0,0],[347,368,171,68,0,0,0],[347,368,171,68,0,0,0],[347,368,171,68,0,0,0],[1035,71,171,68,0,0,0],[1035,71,171,68,0,0,0],[1035,71,171,68,0,0,0],[1035,71,171,68,0,0,0],[1035,71,171,68,0,0,0],[1035,71,171,68,0,0,0],[1035,71,171,68,0,0,0],[1031,141,171,68,0,0,0],[1031,141,171,68,0,0,0],[816,181,171,68,0,0,0],[816,181,171,68,0,0,0],[816,251,171,68,0,0,0],[816,251,171,68,0,0,0],[805,321,171,68,0,0,0],[805,321,171,68,0,0,0],[989,211,171,68,0,0,0],[989,211,171,68,0,0,0],[989,281,171,68,0,0,0],[989,281,171,68,0,0,0],[1162,211,80,131,0,0,0],[1204,141,61,66,0,0,0],[1208,1,38,98,0,0,0],[978,351,107,125,0,0,0],[1087,351,81,65,0,0,0],[1087,418,71,54,0,0,0],[1170,344,60,66,0,0,0],[520,368,35,86,0,0,0],[1232,344,33,36,0,0,0],[1232,382,33,36,0,0,0],[1160,420,36,57,0,0,0],[1208,101,41,37,0,0,0],[1248,1,17,25,0,0,0],[1248,28,17,25,0,0,0],[1248,55,17,25,0,0,0],[1198,412,31,46,0,0,0],[1231,420,34,34,0,0,0],[805,285,9,27,0,0,0],[671,407,38,58,0,0,0],[711,407,36,62,0,0,0],[749,407,35,61,0,0,0],[786,407,34,58,0,0,0],[822,391,35,55,0,0,0],[859,391,38,35,0,0,0],[899,391,38,34,0,0,0],[939,391,36,35,0,0,0],[859,428,35,34,0,0,0],[989,181,10,28,0,0,0],[347,438,35,34,0,0,0],[384,438,35,34,0,0,0],[421,438,34,34,0,0,0],[421,438,34,34,0,0,0],[457,438,33,34,0,0,0],[1198,460,29,16,0,0,0],[1198,460,29,16,0,0,0],[822,448,29,16,0,0,0],[822,448,29,16,0,0,0],[853,464,29,13,0,0,-1],[853,464,29,13,0,0,-1],[884,464,29,13,0,0,-1],[884,464,29,13,0,0,-1],[1,455,29,16,0,0,0],[1,455,29,16,0,0,0],[32,455,29,16,0,0,0],[32,455,29,16,0,0,0],[63,455,29,16,0,0,0],[63,455,29,16,0,0,0],[94,455,29,16,0,0,0],[94,455,29,16,0,0,0],[125,455,29,16,0,0,0],[125,455,29,16,0,0,0],[156,455,29,16,0,0,0],[156,455,29,16,0,0,0],[187,455,29,15,0,0,-1],[187,455,29,15,0,0,-1],[218,455,29,15,0,0,-1],[218,455,29,15,0,0,-1],[557,368,18,25,0,0,0],[557,368,18,25,0,0,0],[1001,181,18,25,0,0,0],[1021,181,8,25,0,0,0],[492,438,18,25,0,0,0],[492,465,29,12,0,0,-1],[492,465,29,12,0,0,-1],[557,395,18,25,0,0,0],[557,395,18,25,0,0,0],[557,422,18,25,0,0,0],[577,426,34,32,0,0,0],[613,426,18,25,0,0,0],[633,426,18,25,0,0,0],[249,455,29,14,0,0,-1],[249,455,29,14,0,0,-1],[280,455,29,14,0,0,-1],[280,455,29,14,0,0,-1],[311,455,29,14,0,0,-1],[311,455,29,14,0,0,-1],[1244,209,18,25,0,0,0],[1244,236,18,25,0,0,0],[1244,263,18,25,0,0,0],[1244,290,18,25,0,0,0],[1244,317,18,25,0,0,0],[653,426,10,30,0,0,0],[557,449,18,25,0,0,0],[577,460,29,13,0,0,-1],[613,453,29,13,0,0,-1],[613,453,29,13,0,0,-1],[523,456,29,13,0,0,-1],[978,321,8,24,0,0,0],[1231,456,29,12,0,0,-1],[1231,456,29,12,0,0,-1],[896,428,10,29,0,0,0],[908,427,17,25,0,0,0],[927,428,29,12,0,0,-1],[927,428,29,12,0,0,-1],[927,442,29,12,0,0,-1]],"animations":{"Prop_StairRailing1":{"frames":[0]},"Prop_Boiler":{"frames":[1]},"Prop_TP25Pallet":{"frames":[2]},"Prop_ShipRib":{"frames":[3]},"Prop_BigPipe":{"frames":[4]},"Prop_BasketAndSuitPot":{"frames":[5]},"Prop_TP24Crate":{"frames":[6]},"PropAnim_TrapDoor":{"frames":[7,8,9,10,11,12,13,14,15,16,162,169,174,181,188,17,18,19,20,21,195,197,199,201,203,205,22,23,24,163,170,175,182,189,25,26,27,28,29,30,31,32,33,164,171,176,183,190,34,35,36,37,38,39,40,41,42,43,44,45,46,47,48,49,50,51,52,53,54,55,56,57,58,59,60,61,62,63,64,65,66,67,68,69,165,172,177,184,191,70,71,72,73,74,75,76,77,78,79,80,81,82,83,84,85,166,178,185,192,86,87,88,89,90,91,92,93,94,95,96,97,98,99,196,198,200,202,204,206,100,101,102,103,104,105,106,107,108,109,110,111,167,179,186,193,112,113,114,115,116,117,118,168,173,180,187,194,119,120,121,122,123,124,125,126,127,128,129,130,131,132,133,134,135,136,137,138,139,140,141,142,143,144,145,146,147,148,149,150,151,152,153,154,155,156,157,158,159,160,161]},"Prop_GolfBag":{"frames":[207]},"Prop_Dial1Back":{"frames":[208]},"Prop_TP11":{"frames":[209]},"Prop_GreenCase":{"frames":[210]},"Prop_Dial1Front":{"frames":[211]},"Prop_SmallPipe":{"frames":[212]},"Prop_BasketBack":{"frames":[213]},"Prop_TP13":{"frames":[214]},"Prop_TP17":{"frames":[215]},"Prop_TP20":{"frames":[216]},"Prop_TP01":{"frames":[217]},"Prop_TP23":{"frames":[218]},"PropAnim_Dial1":{"frames":[264,266,268,271,273,219,275,276,283,220,284,285,286,265,287,272,289,221,298]},"Prop_StairRailing2":{"frames":[222]},"Prop_TP03":{"frames":[223]},"Prop_StairRailing7":{"frames":[224]},"Prop_TP08":{"frames":[225]},"Prop_TP18":{"frames":[226]},"Prop_TP16":{"frames":[227]},"Prop_TP02":{"frames":[228]},"Prop_TP12":{"frames":[229]},"Prop_TP22":{"frames":[230]},"Prop_TP21":{"frames":[231]},"Prop_TP05":{"frames":[232]},"Prop_TP04":{"frames":[233]},"Prop_StairRailing6":{"frames":[234]},"Prop_TP06":{"frames":[235]},"Prop_TP07":{"frames":[236]},"Prop_TP14":{"frames":[237]},"Prop_TP19":{"frames":[238]},"Prop_TP15":{"frames":[239]},"PropAnim_Dial2":{"frames":[240,242,248,250,252,254,256,258,260,262,277,279,281,244,246,290,291,269,295,299,301,300,296,270,292,293,247,245,282,280,278,263,261,259,257,255,253,251,249,243,241]},"Prop_StairRailing4":{"frames":[267]},"Prop_TP10":{"frames":[274]},"Prop_StairRailing5":{"frames":[288]},"Prop_StairRailing3":{"frames":[294]},"Prop_StairRailing8":{"frames":[297]}}}},{"RoomId":"tavern","Name":"Tavern","Description":"Tavern","Width":855,"Height":480,"StartX":440,"StartY":210,"StartR":180,"NavMesh":"https://media.boxcritters.com/media/rooms/tavern/143028cc7f4cd22c3ecf3aa28a00b2a1/navmesh.png","Background":"https://media.boxcritters.com/media/rooms/tavern/143028cc7f4cd22c3ecf3aa28a00b2a1/background.png","Foreground":"https://media.boxcritters.com/media/rooms/tavern/143028cc7f4cd22c3ecf3aa28a00b2a1/foreground.png","Hash":"143028cc7f4cd22c3ecf3aa28a00b2a1","Layout":{"Playground":[{"id":"Ani_CandleFlame02","name":"","w":7.3,"h":16.3,"x":743.5,"y":360.25,"regX":2,"regY":41},{"id":"Ani_CandleFlame01","name":"","w":7.3,"h":16.3,"x":492.1,"y":72.5,"regX":2,"regY":14},{"id":"Art_Obj_DoorRails","name":"","w":168.15,"h":58.6,"x":455.65,"y":180.8,"regX":84,"regY":41},{"id":"Art_Obj_StageStairs","name":"","w":145.1,"h":237.75,"x":314.6,"y":201.85,"regX":72,"regY":116},{"id":"Art_Obj_StageWall02","name":"","w":178.6,"h":159.45,"x":301.55,"y":341.7,"regX":89,"regY":50},{"id":"Art_Obj_StageWall01","name":"","w":125.35,"h":116,"x":259.85,"y":434.1,"regX":62,"regY":102},{"id":"Art_Obj_Counter","name":"","w":218.75,"h":171.55,"x":670.3,"y":245.25,"regX":109,"regY":131},{"id":"Art_Obj_Counter_Seat03","name":"","w":40.3,"h":35.7,"x":665.6,"y":274.5,"regX":20,"regY":-1},{"id":"Art_Obj_Counter_Seat02","name":"","w":34.75,"h":33,"x":592.6,"y":252.75,"regX":17,"regY":1},{"id":"Art_Obj_Counter_Seat01","name":"","w":34.8,"h":32.55,"x":548.85,"y":208.7,"regX":17,"regY":1},{"id":"Art_Obj_Counter_Drawer","name":"","w":80.85,"h":149,"x":830.3,"y":245.5,"regX":30,"regY":120},{"id":"Art_Obj_Counter_Sign","name":"","w":66.25,"h":61.3,"x":837.05,"y":279.65,"regX":23,"regY":27},{"id":"Art_Obj_Table_A_Seat02","name":"MovieClip148","w":38.35,"h":38.2,"x":484.95,"y":307.9,"regX":19,"regY":1},{"id":"Art_Obj_Table_A_Seat01","name":"","w":37.2,"h":38.3,"x":339.55,"y":320.7,"regX":18,"regY":1},{"id":"Art_Obj_Table_B_Seat02","name":"","w":66.45,"h":86.4,"x":563.3,"y":380.5,"regX":33,"regY":37},{"id":"Art_Obj_Table_B_Seat01B","name":"","w":50.85,"h":31,"x":430.35,"y":415,"regX":25,"regY":2},{"id":"Art_Obj_Table_B_Seat01A","name":"","w":22.25,"h":65.75,"x":411.2,"y":442.1,"regX":11,"regY":57},{"id":"Art_Obj_Table_B","name":"","w":116.05,"h":85.5,"x":496.05,"y":399.85,"regX":58,"regY":35},{"id":"Art_Obj_Table_C_Seat","name":"","w":126.35,"h":102.85,"x":812.45,"y":309.9,"regX":63,"regY":18},{"id":"Art_Obj_Table_C","name":"","w":255.15,"h":134.6,"x":722.8,"y":357.75,"regX":127,"regY":47},{"id":"Art_Obj_Speaker03","name":"","w":78.6,"h":116.9,"x":82.55,"y":180.9,"regX":39,"regY":98},{"id":"Art_Obj_SoundSys","name":"","w":78.55,"h":136.15,"x":28.7,"y":213.35,"regX":39,"regY":93},{"id":"Art_Obj_Speaker02","name":"","w":98.25,"h":144.55,"x":12.85,"y":292.05,"regX":69,"regY":110},{"id":"Art_Obj_Speaker01","name":"","w":62.6,"h":82.15,"x":9.6,"y":331.4,"regX":31,"regY":43},{"id":"Art_Obj_Stage_Mic","name":"","w":20.1,"h":31.5,"x":162.3,"y":246.35,"regX":10,"regY":21},{"id":"Art_Obj_Stage_Keyboard","name":"","w":30.3,"h":54.5,"x":85.8,"y":250,"regX":15,"regY":14},{"id":"Art_Obj_Stage_Drums","name":"","w":75.4,"h":61.95,"x":127.8,"y":204.45,"regX":37,"regY":43},{"id":"Art_Obj_Stage_Front","name":"","w":56.9,"h":66.15,"x":205.05,"y":221.1,"regX":28,"regY":12},{"id":"Art_Obj_Table_A","name":"","w":101.15,"h":76.3,"x":409.2,"y":336.95,"regX":50,"regY":48},{"id":"Art_Obj_Wall_Drinks","name":"","w":398.8,"h":285,"x":550,"y":160,"regX":43,"regY":180},{"id":"Art_Obj_Wheel","name":"wheel","w":269.05,"h":205.25,"x":240,"y":10,"regX":123,"regY":20}]},"Triggers":[],"Sprites":{"images":["https://media.boxcritters.com/media/rooms/tavern/143028cc7f4cd22c3ecf3aa28a00b2a1/sprites.png"],"framerate":20,"frames":[[1,1,400,286,0,0,0],[1,289,271,207,0,0,0],[403,1,271,207,0,0,0],[1,498,271,207,0,0,0],[676,1,271,207,0,0,0],[1,707,271,207,0,0,0],[274,289,147,239,0,0,0],[423,210,271,207,0,0,0],[696,210,271,207,0,0,0],[423,419,271,207,0,0,0],[696,419,271,207,0,0,0],[274,628,271,207,0,0,0],[274,837,220,173,0,0,0],[547,628,271,207,0,0,0],[496,837,257,136,0,0,0],[820,628,271,207,0,0,0],[755,837,180,161,0,0,0],[949,1,170,60,0,0,0],[937,837,100,146,0,0,0],[1039,837,80,138,0,0,0],[949,63,127,118,0,0,0],[969,183,82,151,0,0,0],[274,530,118,87,0,0,0],[969,336,80,118,0,0,0],[969,456,128,104,0,0,0],[1,916,103,78,0,0,0],[1051,336,68,88,0,0,0],[106,916,64,84,0,0,0],[969,562,77,63,0,0,0],[172,916,68,63,0,0,0],[1039,977,52,33,0,0,0],[496,975,36,35,0,0,0],[1053,183,58,68,0,0,0],[394,530,24,67,0,0,0],[1048,562,32,56,0,0,0],[1078,63,40,40,0,0,0],[1053,253,42,37,0,0,0],[1097,253,22,33,0,0,0],[1078,105,39,40,0,0,0],[1078,147,36,34,0,0,0],[1,996,9,14,0,0,-2],[12,996,9,14,0,0,-2],[23,996,9,14,0,0,-2],[34,996,9,14,0,0,-2],[45,996,9,14,0,0,-2],[56,996,9,14,0,0,-2],[67,996,9,14,0,0,-2],[78,996,9,14,0,0,-2],[89,996,9,14,0,0,-2],[403,210,9,16,0,0,0],[949,183,9,16,0,0,0],[1051,426,9,16,0,0,0],[172,981,9,16,0,0,0],[242,916,9,16,0,0,0],[1093,977,9,16,0,0,0],[1093,995,9,15,0,0,-1],[534,975,9,16,0,0,0],[394,599,9,16,0,0,0],[1082,562,9,16,0,0,0],[1053,292,9,16,0,0,0],[403,228,9,16,0,0,0],[1062,426,9,16,0,0,0],[183,981,9,16,0,0,0],[242,934,9,16,0,0,0],[253,916,9,16,0,0,0],[264,916,8,16,0,-1,0],[1104,977,9,16,0,0,0],[1104,995,9,15,0,0,-1],[534,993,9,16,0,0,0],[545,975,9,16,0,0,0],[405,599,9,16,0,0,0],[1082,580,9,16,0,0,0],[1053,310,9,16,0,0,0],[1064,292,9,16,0,0,0],[403,246,9,16,0,0,0],[1073,426,9,16,0,0,0],[194,981,9,16,0,0,0],[242,952,9,16,0,0,0],[253,934,9,16,0,0,0],[264,934,8,16,0,0,0],[545,993,9,16,0,0,0],[556,975,9,16,0,0,0],[1082,598,9,16,0,0,0],[1064,310,9,16,0,0,0],[1075,292,9,16,0,0,0],[403,264,9,15,0,0,-1],[1084,426,9,15,0,0,-1],[205,981,9,15,0,0,-1],[253,952,9,15,0,0,-1],[264,952,8,16,0,-1,0],[556,993,9,15,0,0,-1],[567,975,9,15,0,0,-1],[1075,310,9,15,0,0,-1],[1086,292,9,15,0,0,-1],[1097,288,9,15,0,0,-1],[1095,426,9,15,0,0,-1],[216,981,9,15,0,0,-1],[567,992,9,15,0,0,-1],[578,975,9,15,0,0,-1],[1086,309,8,16,0,0,0],[1108,288,9,15,0,0,-1],[1106,426,9,15,0,0,-1],[227,981,9,15,0,0,-1],[578,992,9,15,0,0,-1],[589,975,9,15,0,0,-1],[589,992,9,14,0,0,-2],[600,975,9,14,0,0,-2],[600,991,9,14,0,0,-2],[611,975,9,14,0,0,-2],[611,991,9,14,0,0,-2],[622,975,9,14,0,0,-2],[622,991,9,14,0,0,-2],[937,985,9,13,0,0,-3],[633,975,9,13,0,0,-3],[948,985,9,13,0,0,-3],[633,990,9,13,0,0,-3],[644,975,9,13,0,0,-3],[959,985,9,13,0,0,-3]],"animations":{"Art_Obj_Wall_Drinks":{"frames":[0]},"Art_Obj_Wheel":{"frames":[1,2,3,4,5,7,8,9,10,11,13,15]},"Art_Obj_StageStairs":{"frames":[6]},"Art_Obj_Counter":{"frames":[12]},"Art_Obj_Table_C":{"frames":[14]},"Art_Obj_StageWall02":{"frames":[16]},"Art_Obj_DoorRails":{"frames":[17]},"Art_Obj_Speaker02":{"frames":[18]},"Art_Obj_SoundSys":{"frames":[19]},"Art_Obj_StageWall01":{"frames":[20]},"Art_Obj_Counter_Drawer":{"frames":[21]},"Art_Obj_Table_B":{"frames":[22]},"Art_Obj_Speaker03":{"frames":[23]},"Art_Obj_Table_C_Seat":{"frames":[24]},"Art_Obj_Table_A":{"frames":[25]},"Art_Obj_Table_B_Seat02":{"frames":[26]},"Art_Obj_Speaker01":{"frames":[27]},"Art_Obj_Stage_Drums":{"frames":[28]},"Art_Obj_Counter_Sign":{"frames":[29]},"Art_Obj_Table_B_Seat01B":{"frames":[30]},"Art_Obj_Counter_Seat02":{"frames":[31]},"Art_Obj_Stage_Front":{"frames":[32]},"Art_Obj_Table_B_Seat01A":{"frames":[33]},"Art_Obj_Stage_Keyboard":{"frames":[34]},"Art_Obj_Table_A_Seat02":{"frames":[35]},"Art_Obj_Counter_Seat03":{"frames":[36]},"Art_Obj_Stage_Mic":{"frames":[37]},"Art_Obj_Table_A_Seat01":{"frames":[38]},"Art_Obj_Counter_Seat01":{"frames":[39]},"Ani_CandleFlame01":{"frames":[49,50,51,52,55,40,41,42,67,53,65,54,79,56,57,85,86,87,88,90,91,92,58,59,60,61,62,63,64,93,94,43,112,113,114,44,95,66,68]},"Ani_CandleFlame02":{"frames":[69,70,71,72,96,45,46,47,97,98,89,73,99,74,75,100,48,105,106,107,108,101,102,76,77,78,80,81,82,103,104,109,115,116,117,110,111,83,84]}}}}]
