{"critterId":"beaver","name":"Beaver","type":"critter","regX":68,"regY":140,"body":"https://media.boxcritters.com/critters/beaver/body.png","face":"https://media.boxcritters.com/critters/beaver/face.png","nose":"https://media.boxcritters.com/critters/beaver/nose.png","ears":"https://media.boxcritters.com/critters/beaver/ears.png","hasEars":true,"tail":"https://media.boxcritters.com/critters/beaver/tail.png","hasTail":true,"feet":"https://media.boxcritters.com/critters/beaver/feet.png","spriteSheet":"https://media.boxcritters.com/critters/beaver/sprites.json"}