{

"images": [
    "https://media.boxcritters.com/shops/sprites.png"
],

"framerate": 20,
"frames": [
    [1, 1, 359, 324, 0, -8, -8],
    [1, 327, 359, 244, 0, -8, -8],
    [362, 1, 375, 221, 0, 0, 0],
    [362, 224, 375, 46, 0, 0, 0],
    [739, 1, 375, 40, 0, 0, 0],
    [362, 272, 375, 40, 0, 0, 0],
    [1, 573, 190, 190, 0, -10, -10],
    [739, 43, 190, 190, 0, -10, -10],
    [362, 314, 190, 190, 0, -10, -10],
    [1, 765, 190, 190, 0, -10, -10],
    [931, 43, 189, 190, 0, -11, -10],
    [554, 314, 188, 190, 0, -11, -10],
    [193, 573, 190, 189, 0, -10, -10],
    [193, 764, 190, 189, 0, -10, -10],
    [385, 506, 190, 189, 0, -10, -10],
    [385, 697, 190, 189, 0, -10, -10],
    [577, 506, 190, 189, 0, -10, -10],
    [577, 697, 190, 189, 0, -10, -10],
    [744, 235, 190, 187, 0, -10, -11],
    [936, 235, 189, 187, 0, -11, -11],
    [769, 424, 187, 189, 0, -12, -10],
    [769, 615, 187, 189, 0, -12, -10],
    [958, 424, 106, 107, 0, -2, -3],
    [958, 533, 106, 107, 0, -2, -3],
    [958, 642, 106, 107, 0, -2, -3],
    [385, 888, 137, 62, 0, 0, 0],
    [769, 806, 137, 62, 0, 0, 0],
    [524, 888, 137, 62, 0, 0, 0],
    [958, 751, 106, 106, 0, -2, -3],
    [908, 859, 104, 104, 0, -3, -3],
    [663, 888, 102, 29, 0, -4, -77],
    [663, 919, 102, 24, 0, -4, -82],
    [1014, 859, 60, 60, 0, 0, 0],
    [908, 806, 29, 27, 0, -5, -77]
],

"animations": {
    "Shop_PromptLarge": { "frames": [0] },
    "Shop_PromptSmall": { "frames": [1] },
    "Shop_BG_Window": { "frames": [2] },
    "Shop_HeaderBar": { "frames": [3] },
    "Shop_BG_Default": { "frames": [4] },
    "Shop_BG_Featured": { "frames": [5] },
    "Glow/Shop_Item_Glow": { "frames": [6, 7, 12, 13, 18, 19, 14, 15, 16, 8, 17, 10, 20, 21, 11, 9] },
    "Shop_Item_A_NextWeek": { "frames": [22] },
    "Shop_Item_A_Previous": { "frames": [23] },
    "Shop_Item_B_Default": { "frames": [24] },
    "Shop_PromptBtn_No": { "frames": [25] },
    "Shop_PromptBtn_Ok": { "frames": [26] },
    "Shop_PromptBtn_Yes": { "frames": [27] },
    "Shop_Item_B_Owned": { "frames": [28] },
    "Shop_Item_A_Current": { "frames": [29] },
    "Shop_Item_TagCost": { "frames": [30] },
    "Shop_Item_TagBlank": { "frames": [31] },
    "Shop_Btn_X": { "frames": [32] },
    "Shop_Item_TagCoin": { "frames": [33] }
},

"texturepacker": [
        "SmartUpdateHash: $TexturePacker:SmartUpdate:e63d1fe90f7a214f4772ac8fed18bb7a:0e40034bcab9de2a047b1609e6af12da:9b474ecad0a68c8690698c029d1f12b5$",
        "Created with TexturePacker (https://www.codeandweb.com/texturepacker) for EaselJS"
]

}
