[{"roomId":"tavern","name":"Tavern","width":855,"height":480,"startX":440,"startY":225,"startR":180,"background":"https://media.boxcritters.com/rooms/tavern/d6f921e5d7c4e290fd6c069ea9bcf74c/background.png","foreground":"https://media.boxcritters.com/rooms/tavern/d6f921e5d7c4e290fd6c069ea9bcf74c/foreground.png","treasure":"https://media.boxcritters.com/rooms/tavern/d6f921e5d7c4e290fd6c069ea9bcf74c/treasure.png","navMesh":"https://media.boxcritters.com/rooms/tavern/d6f921e5d7c4e290fd6c069ea9bcf74c/navmesh.png","music":"https://media.boxcritters.com/rooms/tavern/d6f921e5d7c4e290fd6c069ea9bcf74c/music.mp3","layout":"https://media.boxcritters.com/rooms/tavern/d6f921e5d7c4e290fd6c069ea9bcf74c/layout.json","triggers":[{"hex":"ff0000","world":{"joinRoom":"cellar"}},{"hex":"00ff00","world":{"joinRoom":"port"}},{"hex":"ffff00","server":{"grantItem":"pantomime_face"}}],"spriteSheet":"https://media.boxcritters.com/rooms/tavern/d6f921e5d7c4e290fd6c069ea9bcf74c/sprites.json","extra":null},{"roomId":"port","name":"Port","width":2400,"height":480,"startX":1290,"startY":315,"startR":180,"background":"https://media.boxcritters.com/rooms/port/8d628238160c76c486fa271c282771d7/background.png","foreground":"https://media.boxcritters.com/rooms/port/8d628238160c76c486fa271c282771d7/foreground.png","treasure":"https://media.boxcritters.com/rooms/port/8d628238160c76c486fa271c282771d7/treasure.png","navMesh":"https://media.boxcritters.com/rooms/port/8d628238160c76c486fa271c282771d7/navmesh.png","music":"https://media.boxcritters.com/rooms/port/8d628238160c76c486fa271c282771d7/music.mp3","layout":"https://media.boxcritters.com/rooms/port/8d628238160c76c486fa271c282771d7/layout.json","triggers":[{"hex":"990000","world":{"joinRoom":"tavern"}},{"hex":"00ffff","server2":{"joinGame":"card_proxy"}},{"hex":"ff00ff","server":{"grantItem":"pantomime_hat"}},{"hex":"330000","world":{"showShop":"pirate"}},{"hex":"e61900","world":{"joinRoom":"shack"}}],"spriteSheet":"https://media.boxcritters.com/rooms/port/8d628238160c76c486fa271c282771d7/sprites.json","extra":null},{"roomId":"shack","name":"Shack","width":855,"height":480,"startX":693,"startY":234,"startR":225,"background":"https://media.boxcritters.com/rooms/shack/3a0e2fc57c938b81e8e02e84f060d5eb/background.png","foreground":"https://media.boxcritters.com/rooms/shack/3a0e2fc57c938b81e8e02e84f060d5eb/foreground.png","treasure":"https://media.boxcritters.com/rooms/shack/3a0e2fc57c938b81e8e02e84f060d5eb/treasure.png","navMesh":"https://media.boxcritters.com/rooms/shack/3a0e2fc57c938b81e8e02e84f060d5eb/navmesh.png","layout":"https://media.boxcritters.com/rooms/shack/3a0e2fc57c938b81e8e02e84f060d5eb/layout.json","triggers":[{"hex":"ff0000","world":{"joinRoom":"port"}}],"spriteSheet":"https://media.boxcritters.com/rooms/shack/3a0e2fc57c938b81e8e02e84f060d5eb/sprites.json","extra":null},{"roomId":"crash_site","name":"Crash Site","width":2000,"height":480,"startX":1850,"startY":250,"startR":180,"background":"https://media.boxcritters.com/rooms/crash_site/04c82b38bdf12282d03fbacba4feb1b6/background.png","foreground":"https://media.boxcritters.com/rooms/crash_site/04c82b38bdf12282d03fbacba4feb1b6/foreground.png","treasure":"https://media.boxcritters.com/rooms/crash_site/04c82b38bdf12282d03fbacba4feb1b6/treasure.png","navMesh":"https://media.boxcritters.com/rooms/crash_site/04c82b38bdf12282d03fbacba4feb1b6/navmesh.png","layout":"https://media.boxcritters.com/rooms/crash_site/04c82b38bdf12282d03fbacba4feb1b6/layout.json","triggers":[{"hex":"00cc00","room":{"hide":["ship_wall"]}},{"hex":"ff00ff","room":{"name":"explosion"}},{"hex":"00ffff","world":{"joinRoom":"cellar"}},{"hex":"00ccff","server":{"grantItem":"bb_huggable"}},{"hex":"0099ff","server":{"grantItem":"bb_beebee"}},{"hex":"f592e2","server":{"grantItem":"bb_will"}},{"hex":"6633cc","server":{"grantItem":"bb_astoria"}},{"hex":"ffcc00","server":{"grantItem":"bb_oliver"}},{"hex":"66cc99","server":{"grantItem":"bb_riggs"}},{"hex":"66ff00","server":{"grantItem":"bb_tillman"}}],"spriteSheet":"https://media.boxcritters.com/rooms/crash_site/04c82b38bdf12282d03fbacba4feb1b6/sprites.json","extra":null},{"roomId":"cellar","name":null,"width":855,"height":480,"startX":100,"startY":380,"startR":180,"background":"https://media.boxcritters.com/rooms/cellar/e20daba5613507051728a9fccbc31a4a/background.png","foreground":"https://media.boxcritters.com/rooms/cellar/e20daba5613507051728a9fccbc31a4a/foreground.png","treasure":"https://media.boxcritters.com/rooms/cellar/e20daba5613507051728a9fccbc31a4a/treasure.png","navMesh":"https://media.boxcritters.com/rooms/cellar/e20daba5613507051728a9fccbc31a4a/navmesh.png","music":"https://media.boxcritters.com/rooms/cellar/e20daba5613507051728a9fccbc31a4a/music.mp3","layout":"https://media.boxcritters.com/rooms/cellar/e20daba5613507051728a9fccbc31a4a/layout.json","triggers":[{"hex":"ff0000","world":{"joinRoom":"tavern"}},{"hex":"7f0000","world":{"joinRoom":"crash_site"}},{"hex":"4b0000","world":{"joinRoom":"halloweenmazeentrance"}},{"hex":"ffff00","server":{"grantItem":"pantomime_suit"}}],"spriteSheet":"https://media.boxcritters.com/rooms/cellar/e20daba5613507051728a9fccbc31a4a/sprites.json","extra":null},{"roomId":"halloweenmazeentrance","name":"Halloween Maze Entrance","width":855,"height":480,"startX":206,"startY":333,"startR":135,"background":"https://media.boxcritters.com/rooms/halloweenmazeentrance/a5bce1cff25325f794208edf192dc66f/background.png","foreground":"https://media.boxcritters.com/rooms/halloweenmazeentrance/a5bce1cff25325f794208edf192dc66f/foreground.png","treasure":"https://media.boxcritters.com/rooms/halloweenmazeentrance/a5bce1cff25325f794208edf192dc66f/treasure.png","navMesh":"https://media.boxcritters.com/rooms/halloweenmazeentrance/a5bce1cff25325f794208edf192dc66f/navmesh.png","music":"https://media.boxcritters.com/rooms/halloweenmazeentrance/a5bce1cff25325f794208edf192dc66f/music.mp3","layout":"https://media.boxcritters.com/rooms/halloweenmazeentrance/a5bce1cff25325f794208edf192dc66f/layout.json","triggers":[{"hex":"ff0000","world":{"joinRoom":"halloweenmaze"}},{"hex":"cc0000","world":{"joinRoom":"cellar"}}],"spriteSheet":"https://media.boxcritters.com/rooms/halloweenmazeentrance/a5bce1cff25325f794208edf192dc66f/sprites.json","extra":null},{"roomId":"halloweenmazeend","name":"Halloween Maze End","width":855,"height":480,"startX":430,"startY":330,"startR":0,"background":"https://media.boxcritters.com/rooms/halloweenmazeend/14361fcfd76e39fd7aea279cee0d8725/background.png","treasure":"https://media.boxcritters.com/rooms/halloweenmazeend/14361fcfd76e39fd7aea279cee0d8725/treasure.png","navMesh":"https://media.boxcritters.com/rooms/halloweenmazeend/14361fcfd76e39fd7aea279cee0d8725/navmesh.png","music":"https://media.boxcritters.com/rooms/halloweenmazeend/14361fcfd76e39fd7aea279cee0d8725/music.mp3","layout":"https://media.boxcritters.com/rooms/halloweenmazeend/14361fcfd76e39fd7aea279cee0d8725/layout.json","triggers":[{"hex":"ff0000","world":{"joinRoom":"halloweenmaze"}},{"hex":"cc0000","world":{"joinRoom":"cellar"}},{"hex":"00ffff","server":{"grantItem":"spider"}}],"spriteSheet":"https://media.boxcritters.com/rooms/halloweenmazeend/14361fcfd76e39fd7aea279cee0d8725/sprites.json","extra":null},{"roomId":"halloweenmaze","name":"Halloween Maze","width":2565,"height":1440,"startX":1282,"startY":1345,"startR":0,"background":"https://media.boxcritters.com/rooms/halloweenmaze/f30870cae68a0126edce2e142e4d13c9/background.png","treasure":"https://media.boxcritters.com/rooms/halloweenmaze/f30870cae68a0126edce2e142e4d13c9/treasure.png","navMesh":"https://media.boxcritters.com/rooms/halloweenmaze/f30870cae68a0126edce2e142e4d13c9/navmesh.png","music":"https://media.boxcritters.com/rooms/halloweenmaze/f30870cae68a0126edce2e142e4d13c9/music.mp3","playground":[[{"id":"Ani_CandleFlame_A","name":"flame01","w":7.3,"h":17,"x":1648.4,"y":785.7,"regX":2,"regY":31},{"id":"Ani_CandleFlame_A","name":"flame01","w":7.3,"h":17,"x":1423.05,"y":627.1,"regX":2,"regY":31},{"id":"Ani_CandleFlame_A","name":"flame01","w":7.3,"h":17,"x":1060.45,"y":756,"regX":2,"regY":31},{"id":"Ani_CandleFlame_A","name":"flame01","w":7.3,"h":17,"x":202.75,"y":759.25,"regX":2,"regY":31},{"id":"Ani_CandleFlame_A","name":"flame01","w":7.3,"h":17,"x":211.3,"y":729.4,"regX":2,"regY":31},{"id":"Ani_CandleFlame_A","name":"flame01","w":7.3,"h":17,"x":741.75,"y":690.6,"regX":2,"regY":31},{"id":"Ani_CandleFlame_A","name":"flame01","w":7.3,"h":17,"x":767.85,"y":696.55,"regX":2,"regY":31},{"id":"Ani_CandleFlame_A","name":"flame01","w":7.3,"h":17,"x":1645.75,"y":340.3,"regX":2,"regY":31},{"id":"Ani_CandleFlame_A","name":"flame01","w":7.3,"h":17,"x":1676.75,"y":336.3,"regX":2,"regY":31},{"id":"Ani_CandleFlame_A","name":"flame01","w":7.3,"h":17,"x":2194.95,"y":689.35,"regX":2,"regY":31},{"id":"Ani_CandleFlame_A","name":"flame01","w":7.3,"h":17,"x":2220.55,"y":693.75,"regX":2,"regY":31},{"id":"Ani_CandleFlame_A","name":"flame01","w":7.3,"h":17,"x":1844.75,"y":210.3,"regX":2,"regY":31},{"id":"Ani_CandleFlame_A","name":"flame01","w":7.3,"h":17,"x":1870.75,"y":220.3,"regX":2,"regY":31},{"id":"Ani_CandleFlame_A","name":"flame01","w":7.3,"h":17,"x":2053.8,"y":1174.75,"regX":2,"regY":31},{"id":"Ani_CandleFlame_A","name":"flame01","w":7.3,"h":17,"x":2024.2,"y":1180.75,"regX":2,"regY":31},{"id":"Ani_CandleFlame_A","name":"flame01","w":7.3,"h":17,"x":2525.45,"y":1306.4,"regX":2,"regY":31},{"id":"Ani_CandleFlame_A","name":"flame01","w":7.3,"h":17,"x":1931.55,"y":1009.4,"regX":2,"regY":31},{"id":"Ani_CandleFlame_C","name":"","w":9.05,"h":15.25,"x":2527.3,"y":794.6,"regX":3,"regY":26},{"id":"Ani_CandleFlame_A","name":"flame01","w":7.3,"h":17,"x":1553.9,"y":1077.4,"regX":2,"regY":31},{"id":"Ani_CandleFlame_A","name":"flame01","w":7.3,"h":17,"x":167.7,"y":1171.8,"regX":2,"regY":31},{"id":"Ani_CandleFlame_A","name":"flame01","w":7.3,"h":17,"x":191.1,"y":1155.9,"regX":2,"regY":31},{"id":"Ani_CandleFlame_A","name":"flame01","w":7.3,"h":17,"x":682.8,"y":1267.75,"regX":2,"regY":31},{"id":"Ani_CandleFlame_A","name":"flame01","w":7.3,"h":17,"x":709.95,"y":1271.8,"regX":2,"regY":31},{"id":"Ani_CandleFlame_A","name":"flame01","w":7.3,"h":17,"x":45.35,"y":567.6,"regX":2,"regY":31},{"id":"Ani_CandleFlame_A","name":"flame01","w":7.3,"h":17,"x":980.75,"y":530.4,"regX":2,"regY":31},{"id":"Ani_CandleFlame_A","name":"flame01","w":7.3,"h":17,"x":1002.75,"y":537.4,"regX":2,"regY":31},{"id":"Ani_CandleFlame_A","name":"flame01","w":7.3,"h":17,"x":1510.75,"y":113.3,"regX":2,"regY":31},{"id":"Ani_CandleFlame_A","name":"flame01","w":7.3,"h":17,"x":647.35,"y":55.3,"regX":2,"regY":31},{"id":"Ani_CandleFlame_A","name":"flame01","w":7.3,"h":17,"x":688.6,"y":49.3,"regX":2,"regY":31},{"id":"Ani_CandleFlame_A","name":"flame01","w":7.3,"h":17,"x":1127.75,"y":54.3,"regX":2,"regY":31},{"id":"Ani_CandleFlame_A","name":"flame01","w":7.3,"h":17,"x":1162.75,"y":41.3,"regX":2,"regY":31},{"id":"Ani_CandleFlame_A","name":"flame01","w":7.3,"h":17,"x":2142.35,"y":43.3,"regX":2,"regY":31},{"id":"Ani_CandleFlame_A","name":"flame01","w":7.3,"h":17,"x":2515.35,"y":52.9,"regX":2,"regY":31},{"id":"Ani_CandleFlame_A","name":"flame01","w":7.3,"h":17,"x":2492.95,"y":56.3,"regX":2,"regY":31},{"id":"Prop_Fence9","name":"","w":33.65,"h":79.95,"x":1746.9,"y":620.7,"regX":20,"regY":19},{"id":"Prop_Candle29","name":"","w":18.55,"h":30.45,"x":1639.1,"y":783.25,"regX":0,"regY":21},{"id":"Prop_Candle28","name":"","w":19,"h":27.4,"x":1412.85,"y":623.55,"regX":0,"regY":20},{"id":"Prop_Candle27","name":"","w":19.95,"h":30.75,"x":1054.25,"y":752.9,"regX":0,"regY":20},{"id":"Prop_Fence11","name":"","w":104.05,"h":43.75,"x":292.65,"y":769.3,"regX":49,"regY":25},{"id":"Prop_Candle23","name":"","w":16.35,"h":24.65,"x":205,"y":726.9,"regX":0,"regY":19},{"id":"Prop_Candle24","name":"","w":25.7,"h":30,"x":195.55,"y":756.2,"regX":0,"regY":20},{"id":"Prop_Pumpkin4","name":"","w":50,"h":66.25,"x":522,"y":682,"regX":20,"regY":48},{"id":"Prop_Pumpkin5","name":"","w":56,"h":64.25,"x":582.75,"y":684.75,"regX":20,"regY":46},{"id":"Prop_Pumpkin6","name":"","w":60.25,"h":52,"x":661,"y":682.25,"regX":30,"regY":30},{"id":"Prop_Candle25","name":"","w":17.65,"h":27.65,"x":733.6,"y":688.25,"regX":0,"regY":20},{"id":"Prop_Candle26","name":"","w":14,"h":23.35,"x":760.9,"y":693.25,"regX":0,"regY":20},{"id":"Prop_Candle16","name":"","w":20.35,"h":32.35,"x":1637.85,"y":336.6,"regX":0,"regY":20},{"id":"Prop_Candle17","name":"","w":20,"h":34.3,"x":1665.15,"y":333.95,"regX":0,"regY":20},{"id":"Prop_Pumpkin1","name":"","w":50.25,"h":51.55,"x":1227.75,"y":328.2,"regX":40,"regY":22},{"id":"Prop_Pumpkin2","name":"","w":71.5,"h":131.25,"x":1329.5,"y":301,"regX":0,"regY":80},{"id":"Prop_Pumpkin3","name":"","w":48,"h":48.95,"x":1493.25,"y":317.55,"regX":2,"regY":20},{"id":"Prop_Fence0","name":"","w":80.1,"h":49.4,"x":1362.7,"y":174.35,"regX":40,"regY":40},{"id":"Prop_Fence4","name":"","w":83.45,"h":63.9,"x":1503.95,"y":177.35,"regX":0,"regY":30},{"id":"Prop_Candle32","name":"","w":21,"h":32.65,"x":2185.15,"y":685.9,"regX":0,"regY":21},{"id":"Prop_Pumpkin17","name":"","w":136,"h":121.3,"x":2358.75,"y":1322.5,"regX":0,"regY":70},{"id":"Prop_Pumpkin12","name":"","w":59,"h":71.25,"x":1985.5,"y":1030.05,"regX":30,"regY":47},{"id":"Prop_Scarecrow_B","name":"","w":126.4,"h":156.4,"x":2470.9,"y":735.6,"regX":40,"regY":133},{"id":"Prop_Pumpkin10","name":"","w":61.45,"h":63.9,"x":1228.3,"y":803.6,"regX":50,"regY":35},{"id":"Prop_Root1","name":"","w":66,"h":71.25,"x":912.55,"y":1132.25,"regX":30,"regY":40},{"id":"Prop_Root2","name":"","w":82.9,"h":87.55,"x":1640.9,"y":1120.8,"regX":30,"regY":40},{"id":"Prop_Candle45","name":"","w":18.35,"h":29.35,"x":1542.85,"y":1073.6,"regX":0,"regY":20},{"id":"Prop_Candle35","name":"","w":14.6,"h":26.3,"x":160.65,"y":1169.6,"regX":0,"regY":20},{"id":"Prop_Candle36","name":"","w":14.65,"h":27.9,"x":184.6,"y":1153.6,"regX":0,"regY":19},{"id":"Prop_Fence14","name":"","w":93.35,"h":53.6,"x":988.95,"y":1156.1,"regX":40,"regY":37},{"id":"Prop_Fence15","name":"","w":75.9,"h":46.6,"x":1576.6,"y":1142.85,"regX":50,"regY":25},{"id":"Prop_Candle5","name":"","w":19.35,"h":33,"x":1501.2,"y":109.6,"regX":0,"regY":20},{"id":"Prop_Candle39","name":"","w":17.4,"h":28.35,"x":677.7,"y":1266.3,"regX":0,"regY":22},{"id":"Prop_Candle40","name":"","w":15,"h":24.05,"x":702.9,"y":1268.95,"regX":0,"regY":20},{"id":"Prop_Prize_Scarf","name":"","w":152.25,"h":125.55,"x":730,"y":845,"regX":76,"regY":78},{"id":"Prop_Prize_Ghost","name":"","w":156.9,"h":104.75,"x":2480,"y":1180,"regX":78,"regY":54}],[{"id":"Ani_CandleFlame_C","name":"","w":9.05,"h":15.25,"x":2361.1,"y":204.05,"regX":3,"regY":26},{"id":"Ani_CandleFlame_B","name":"flame01","w":13.1,"h":11.2,"x":37.05,"y":262,"regX":12,"regY":17},{"id":"Ani_CandleFlame_B","name":"flame01","w":13.1,"h":11.2,"x":39.85,"y":317.65,"regX":12,"regY":17},{"id":"Ani_CandleFlame_A","name":"flame01","w":7.3,"h":17,"x":2058.4,"y":437.95,"regX":2,"regY":31},{"id":"Ani_CandleFlame_A","name":"flame01","w":7.3,"h":17,"x":2082,"y":442.35,"regX":2,"regY":31},{"id":"Ani_CandleFlame_A","name":"flame01","w":7.3,"h":17,"x":1920.75,"y":577.95,"regX":2,"regY":31},{"id":"Ani_CandleFlame_A","name":"flame01","w":7.3,"h":17,"x":1917.05,"y":629.6,"regX":2,"regY":31},{"id":"Ani_CandleFlame_A","name":"flame01","w":7.3,"h":17,"x":1113.35,"y":1139.3,"regX":2,"regY":31},{"id":"Ani_CandleFlame_A","name":"flame01","w":7.3,"h":17,"x":1087.5,"y":1144.6,"regX":2,"regY":31},{"id":"Ani_CandleFlame_A","name":"flame01","w":7.3,"h":17,"x":963.9,"y":1295.2,"regX":2,"regY":31},{"id":"Ani_CandleFlame_A","name":"flame01","w":7.3,"h":17,"x":1434.5,"y":1392.9,"regX":2,"regY":31},{"id":"Ani_CandleFlame_A","name":"flame01","w":7.3,"h":17,"x":1981.65,"y":1399.6,"regX":2,"regY":31},{"id":"Ani_CandleFlame_A","name":"flame01","w":7.3,"h":17,"x":486.25,"y":1299.85,"regX":2,"regY":31},{"id":"Ani_CandleFlame_A","name":"flame01","w":7.3,"h":17,"x":511.95,"y":1306.9,"regX":2,"regY":31},{"id":"Ani_CandleFlame_A","name":"","w":7.3,"h":17,"x":899.1,"y":186.15,"regX":2,"regY":31},{"id":"Ani_CandleFlame_A","name":"","w":7.3,"h":17,"x":897.55,"y":231.35,"regX":2,"regY":31},{"id":"Prop_Candle37","name":"","w":19,"h":31,"x":476.25,"y":1298.25,"regX":0,"regY":21},{"id":"Prop_Candle38","name":"","w":16.8,"h":25,"x":503.8,"y":1304.6,"regX":0,"regY":20},{"id":"Prop_Candle41","name":"","w":15.6,"h":27.75,"x":957.6,"y":1292.65,"regX":0,"regY":20},{"id":"Prop_Candle42","name":"","w":17.7,"h":25.1,"x":1077.85,"y":1142.25,"regX":0,"regY":20},{"id":"Prop_Candle43","name":"","w":18.4,"h":36.4,"x":1105.2,"y":1136.6,"regX":0,"regY":20},{"id":"Prop_Candle44","name":"","w":19.65,"h":31.95,"x":1422.2,"y":1390.95,"regX":0,"regY":22},{"id":"Prop_Candle49","name":"","w":17.3,"h":27.1,"x":1971.9,"y":1396.6,"regX":0,"regY":20},{"id":"Prop_Pumpkin14","name":"","w":81.5,"h":75.5,"x":1387,"y":1168.05,"regX":0,"regY":50},{"id":"Prop_SignQuestionMark","name":"","w":229.3,"h":96.45,"x":1274.05,"y":1161.15,"regX":110,"regY":70},{"id":"Prop_Scarecrow_A","name":"","w":146.95,"h":132.25,"x":351.4,"y":1113.8,"regX":119,"regY":100},{"id":"Prop_SpiderHanging","name":"","w":242.9,"h":231.4,"x":121.25,"y":280,"regX":120,"regY":290},{"id":"Prop_Fence12","name":"","w":111.25,"h":43.45,"x":2132.65,"y":816.4,"regX":50,"regY":27},{"id":"Prop_Fence18","name":"","w":101.8,"h":43.05,"x":1793.75,"y":1295.5,"regX":50,"regY":30},{"id":"Prop_Candle11","name":"","w":31,"h":40.5,"x":889.4,"y":184.25,"regX":0,"regY":19},{"id":"Prop_Candle12","name":"","w":25.05,"h":29.4,"x":891.95,"y":227.65,"regX":0,"regY":18},{"id":"Prop_Candle15","name":"","w":23.35,"h":28,"x":2343.1,"y":201.3,"regX":0,"regY":17},{"id":"Prop_Candle18","name":"","w":16.95,"h":32.7,"x":2048.9,"y":436.25,"regX":0,"regY":23},{"id":"Prop_Candle19","name":"","w":18.3,"h":25.1,"x":2070.85,"y":440.25,"regX":0,"regY":20},{"id":"Prop_Candle30","name":"","w":22.15,"h":34.35,"x":1912.85,"y":574.55,"regX":0,"regY":20},{"id":"Prop_Candle31","name":"","w":17.65,"h":26,"x":1911.5,"y":625.9,"regX":0,"regY":20},{"id":"Prop_Pumpkin11","name":"","w":61.75,"h":54.3,"x":1800.25,"y":850,"regX":60,"regY":20},{"id":"Level_2_A","name":"","w":1010.35,"h":485.95,"x":0,"y":0,"regX":-30,"regY":-175},{"id":"Level_2_D","name":"","w":643.15,"h":935.95,"x":0,"y":0,"regX":-1720,"regY":-175},{"id":"Level_2_C","name":"","w":1870,"h":359.75,"x":0,"y":0,"regX":-180,"regY":-1090},{"id":"Level_2_B","name":"","w":150,"h":470,"x":0,"y":0,"regX":-353,"regY":-640}]],"triggers":[{"hex":"ff0000","world":{"joinRoom":"halloweenmazeend"}},{"hex":"990000","world":{"joinRoom":"halloweenmazeentrance"}},{"hex":"cc00ff","server":{"grantItem":"scarf_halloween"}},{"hex":"ff00ff","server":{"grantItem":"ghost_white"}}],"spriteSheet":"https://media.boxcritters.com/rooms/halloweenmaze/f30870cae68a0126edce2e142e4d13c9/sprites.json","extra":null}]