[{"critterId":"snail","name":"Snail","type":"mascot","images":["/media/critters/01b329383be48caf6f666dcf1b60cdca/090f9223/snail.png"],"framerate":20,"frames":[[1,1,55,110,0,27,96],[1,1,55,110,0,27,98],[59,1,55,111,0,27,100],[117,1,81,105,0,38,99],[117,1,81,105,0,38,99],[1,115,83,103,0,38,97],[87,115,97,114,0,40,107],[87,115,97,114,0,37,107],[1,232,105,113,0,42,106],[109,232,81,106,0,35,97],[109,232,81,106,0,33,97],[1,348,83,105,0,33,96],[87,348,59,111,0,28,99],[87,348,59,111,0,29,100],[149,348,59,112,0,28,102],[1,463,81,106,0,48,97],[1,463,81,106,0,47,97],[85,463,83,105,0,49,96],[1,572,97,114,0,60,107],[1,572,97,114,0,60,106],[101,572,105,113,0,62,106],[1,689,81,105,0,42,99],[1,689,81,105,0,41,98],[85,689,83,103,0,45,97]],"animations":{"move0":{"frames":[0,2]},"wait0":{"frames":[1]},"move1":{"frames":[3,5]},"wait1":{"frames":[4]},"move2":{"frames":[6,8]},"wait2":{"frames":[7]},"move3":{"frames":[9,11]},"wait3":{"frames":[10]},"move4":{"frames":[12,14]},"wait4":{"frames":[13]},"move5":{"frames":[15,17]},"wait5":{"frames":[16]},"move6":{"frames":[18,20]},"wait6":{"frames":[19]},"move7":{"frames":[21,23]},"wait7":{"frames":[22]}}},{"critterId":"hamster","name":"Hamster","type":"critter","images":["/media/critters/023bdae5fd27ab9c78f1b909f6956b03/7b441343/hamster.png"],"framerate":20,"frames":[[1,1,36,41,0,-40,-58],[1,1,36,41,0,-40,-58],[39,1,36,41,0,-60,-58],[39,1,36,41,0,-60,-58],[77,1,40,41,0,-48,-58],[119,1,50,28,0,-43,-120],[1,44,51,24,0,-42,-43],[1,44,51,24,0,-42,-43],[54,44,51,24,0,-42,-43],[107,44,51,24,0,-43,-43],[160,44,51,24,0,-43,-43],[160,44,51,24,0,-43,-43],[1,70,54,23,0,-41,-44],[57,70,54,23,0,-41,-44],[113,70,60,23,0,-38,-129],[1,95,65,90,0,-36,-52],[68,95,65,89,0,-36,-53],[135,95,65,90,0,-36,-52],[135,95,65,90,0,-36,-52],[1,187,65,90,0,-36,-52],[1,187,65,90,0,-36,-52],[68,187,65,90,0,-36,-52],[135,187,65,90,0,-36,-52]],"animations":{"face5":{"frames":[0]},"face6":{"frames":[1]},"face2":{"frames":[2]},"face3":{"frames":[3]},"face4":{"frames":[4]},"feet":{"frames":[5]},"ears5":{"frames":[6]},"ears6":{"frames":[7]},"ears1":{"frames":[8]},"ears7":{"frames":[9]},"ears2":{"frames":[10]},"ears3":{"frames":[11]},"ears4":{"frames":[12]},"ears0":{"frames":[13]},"shadow":{"frames":[14]},"body1":{"frames":[15]},"body0":{"frames":[16]},"body2":{"frames":[17]},"body3":{"frames":[18]},"body5":{"frames":[19]},"body6":{"frames":[20]},"body7":{"frames":[21]},"body4":{"frames":[22]}}},{"critterId":"lizard","name":"Lizard","type":"critter","images":["/media/critters/71141e196738a84f085a06dc31d69428/ff2e0d19/lizard.png"],"framerate":20,"frames":[[1,1,65,108,0,-36,-52],[68,1,78,104,0,-23,-52],[148,1,85,90,0,-16,-52],[148,1,85,90,0,-16,-52],[235,1,65,90,0,-36,-52],[302,1,84,90,0,-36,-52],[302,1,84,90,0,-36,-52],[388,1,77,104,0,-36,-52],[1,111,52,31,0,-42,-37],[55,111,53,31,0,-44,-37],[55,111,53,31,0,-44,-37],[110,111,52,30,0,-42,-37],[164,111,52,31,0,-40,-37],[164,111,52,31,0,-40,-37],[218,111,53,31,0,-42,-37],[273,111,47,41,0,-53,-62],[273,111,47,41,0,-53,-62],[322,111,54,42,0,-41,-61],[378,111,47,41,0,-36,-62],[378,111,47,41,0,-36,-62],[427,111,50,27,0,-43,-121]],"animations":{"body0":{"frames":[0]},"body1":{"frames":[1]},"body2":{"frames":[2]},"body3":{"frames":[3]},"body4":{"frames":[4]},"body5":{"frames":[5]},"body6":{"frames":[6]},"body7":{"frames":[7]},"ears1":{"frames":[8]},"ears2":{"frames":[9]},"ears3":{"frames":[10]},"ears4":{"frames":[11]},"ears5":{"frames":[12]},"ears6":{"frames":[13]},"ears7":{"frames":[14]},"face2":{"frames":[15]},"face3":{"frames":[16]},"face4":{"frames":[17]},"face5":{"frames":[18]},"face6":{"frames":[19]},"feet":{"frames":[20]}}},{"critterId":"beaver","name":"Beaver","type":"critter","images":["/media/critters/a55d9af0aa7006def37a93f6f94104ea/ff6c5a1f/beaver.png"],"framerate":20,"frames":[[1,1,3,3,0,0,0],[6,1,51,23,0,-42,-44],[59,1,54,23,0,-41,-44],[115,1,51,23,0,-43,-44],[168,1,54,23,0,-41,-44],[224,1,51,23,0,-43,-44],[224,1,51,23,0,-43,-44],[277,1,51,23,0,-42,-44],[277,1,51,23,0,-42,-44],[330,1,50,27,0,-43,-121],[382,1,40,48,0,-48,-59],[424,1,36,49,0,-60,-58],[424,1,36,49,0,-60,-58],[462,1,36,49,0,-40,-58],[462,1,36,49,0,-40,-58],[1,52,26,54,0,-16,-78],[1,52,26,54,0,-16,-78],[29,52,27,55,0,-94,-78],[29,52,27,55,0,-94,-78],[58,52,54,61,0,-60,-80],[114,52,54,62,0,-22,-79],[170,52,52,64,0,-45,-78],[224,52,65,90,0,-36,-52],[224,52,65,90,0,-36,-52],[291,52,65,90,0,-36,-52],[358,52,65,90,0,-36,-52],[358,52,65,90,0,-36,-52],[425,52,65,90,0,-36,-52],[425,52,65,90,0,-36,-52],[425,52,65,90,0,-36,-52]],"animations":{"tail4":{"frames":[0]},"ears1":{"frames":[1]},"ears4":{"frames":[2]},"ears7":{"frames":[3]},"ears0":{"frames":[4]},"ears2":{"frames":[5]},"ears3":{"frames":[6]},"ears5":{"frames":[7]},"ears6":{"frames":[8]},"feet":{"frames":[9]},"face4":{"frames":[10]},"face2":{"frames":[11]},"face3":{"frames":[12]},"face5":{"frames":[13]},"face6":{"frames":[14]},"tail2":{"frames":[15]},"tail3":{"frames":[16]},"tail5":{"frames":[17]},"tail6":{"frames":[18]},"tail7":{"frames":[19]},"tail1":{"frames":[20]},"tail0":{"frames":[21]},"body2":{"frames":[22]},"body3":{"frames":[23]},"body4":{"frames":[24]},"body5":{"frames":[25]},"body6":{"frames":[26]},"body0":{"frames":[27]},"body1":{"frames":[28]},"body7":{"frames":[29]}}},{"critterId":"snowgirl","name":"Snow Girl","type":"mascot","images":["/media/critters/58d1172da695f643415122a0128086c3/5a7a4cca/snowgirl.png"],"framerate":24,"frames":[[1,1,107,188,0,54,178],[1,191,107,187,0,54,177],[1,380,107,187,0,54,177],[1,569,118,133,0,60,123],[110,1,107,183,0,54,173],[110,186,118,132,0,60,122],[219,1,117,135,0,59,125],[110,320,113,140,0,57,130],[121,462,105,183,0,53,173],[225,320,110,137,0,56,127],[230,138,106,147,0,53,137],[121,647,104,177,0,53,167],[1,704,104,175,0,52,165],[227,647,102,166,0,52,156],[228,459,102,160,0,52,150],[227,815,98,159,0,49,149],[107,826,98,144,0,50,134]],"animations":{"wait4":{"frames":[16,14,13,11,4,1,0,2,8,12,15,10,7,6,5,3,9]}}},{"critterId":"snowkeeper","name":"Snow Keeper","type":"mascot","images":["/media/critters/5cc0cfaddbe9d0d8f4d0851dab4166e0/0b18758f/snowkeeper.png"],"framerate":24,"frames":[[1,1,152,188,0,72,175],[155,1,154,186,0,73,173],[311,1,154,187,0,73,174],[467,1,156,185,0,74,172],[625,1,155,186,0,73,173],[1,191,156,185,0,74,172],[159,191,150,191,0,71,178],[311,191,156,186,0,74,173],[469,191,155,187,0,73,174],[626,191,155,187,0,73,174],[1,384,150,192,0,71,179],[153,384,156,186,0,74,173],[311,384,152,190,0,72,177],[465,384,155,188,0,73,175],[622,384,153,190,0,72,177],[1,578,150,193,0,71,180],[153,578,154,189,0,73,176],[309,578,150,193,0,71,180],[461,578,151,193,0,71,180],[614,578,152,192,0,72,179]],"animations":{"wait4":{"frames":[18,17,15,10,6,12,0,2,1,4,5,3,11,7,8,9,13,16,14,19]}}},{"critterId":"snow_patrol","name":"Snow Patrol","type":"mascot","images":["/media/critters/071dec4dbc521b5b414dfa42e0ba1309/e222210f/snow_patrol.png"],"framerate":24,"frames":[[1,1,168,232,0,79,211],[171,1,168,232,0,79,211],[341,1,168,232,0,79,211],[511,1,168,232,0,79,211],[681,1,169,232,0,79,211],[1,235,168,233,0,79,212],[171,235,168,233,0,79,212],[341,235,166,234,0,78,213],[509,235,168,234,0,79,213],[679,235,166,235,0,78,214],[1,470,168,235,0,79,214],[171,470,166,236,0,78,215],[339,471,168,236,0,79,215],[509,471,166,237,0,78,216],[677,472,166,237,0,78,216],[1,707,166,238,0,78,217],[169,708,166,238,0,78,217],[337,709,166,238,0,78,217],[505,710,166,238,0,78,217],[673,711,166,238,0,78,217]],"animations":{"wait4":{"frames":[15,16,17,13,11,9,7,5,0,1,2,3,4,6,8,10,12,14,18,19]}}},{"critterId":"snow_greeter","name":"Snow Greeter","type":"mascot","images":["/media/critters/6bdc39f7faeb4014f73de69a2b4ad11c/c3d1af9a/snow_greeter.png"],"framerate":24,"frames":[[1,1,170,208,0,85,196],[173,1,169,209,0,81,197],[344,1,170,209,0,82,197],[516,1,170,209,0,84,197],[688,1,169,209,0,84,197],[859,1,168,209,0,85,197],[1,211,167,209,0,86,197],[170,212,169,209,0,86,197],[341,212,170,209,0,84,197],[513,212,170,209,0,83,197],[685,212,169,210,0,80,198],[856,212,166,210,0,85,198],[1,422,164,210,0,85,198],[167,423,164,210,0,86,198],[333,423,166,210,0,86,198],[501,423,168,210,0,81,198],[671,424,168,210,0,80,198],[841,424,167,211,0,78,199],[1,634,162,211,0,85,199],[165,635,161,211,0,85,199],[328,635,160,211,0,85,199],[490,635,161,211,0,85,199],[653,636,162,211,0,85,199],[817,637,164,212,0,76,200],[983,637,161,214,0,73,202],[983,637,161,214,0,73,202],[1,848,166,212,0,78,200],[169,848,164,212,0,76,200],[335,848,163,213,0,75,201],[500,849,162,213,0,74,201],[664,851,162,214,0,74,202],[828,853,161,214,0,73,202]],"animations":{"wait4":{"frames":[24,30,28,23,17,10,1,2,3,4,5,11,12,18,19,20,21,22,13,14,6,7,0,8,9,15,16,26,27,29,31,25]}}},{"critterId":"snowgrandma","name":"Snow Grandma","type":"mascot","images":["/media/critters/48871f66b014f4467cf0aa7211684409/1267bbf8/snowgrandma.png"],"framerate":20,"frames":[[1,1,144,176,0,78,169],[1,179,144,176,0,78,169],[1,357,144,176,0,78,169],[1,535,143,176,0,77,169],[1,713,143,176,0,77,169],[1,891,143,176,0,76,169],[1,1069,143,176,0,75,169],[1,1247,143,176,0,76,169],[1,1425,143,176,0,77,169],[1,1603,142,176,0,76,169],[145,1603,142,176,0,75,169],[1,1781,142,176,0,74,169],[145,1781,142,176,0,73,169],[146,535,142,176,0,70,169],[147,1,142,176,0,73,169],[147,179,142,176,0,74,169],[147,357,142,176,0,76,169],[146,713,141,176,0,72,169],[146,891,141,176,0,71,169],[146,1069,141,176,0,70,169],[146,1247,141,176,0,70,169],[146,1425,141,176,0,69,169],[289,713,141,176,0,69,169],[290,535,141,176,0,69,169],[291,1,141,176,0,69,169],[291,179,141,176,0,69,169],[291,357,141,176,0,69,169],[289,891,141,176,0,69,169],[289,1069,141,176,0,70,169],[289,1247,141,176,0,70,169],[289,1425,141,176,0,71,169],[289,1603,141,176,0,71,169]],"animations":{"wait4":{"frames":[0,1,2,3,4,9,5,10,11,12,17,18,19,20,21,22,23,24,25,26,27,13,28,29,30,31,14,15,6,7,16,8]}}},{"critterId":"raccoon","name":"Raccoon","type":"critter","images":["/media/critters/aaea1d7aa5ad798d37da30028faf2d21/4349870e/raccoon.png"],"framerate":20,"frames":[[1,1,3,3,0,0,0],[6,1,51,23,0,-42,-44],[59,1,52,23,0,-41,-44],[59,1,52,23,0,-41,-44],[113,1,52,23,0,-43,-44],[113,1,52,23,0,-43,-44],[167,1,52,23,0,-43,-44],[1,26,56,24,0,-40,-44],[59,26,56,24,0,-40,-44],[117,26,50,27,0,-43,-121],[169,26,60,23,0,-38,-129],[1,55,40,62,0,-21,-68],[1,55,40,62,0,-21,-68],[43,55,41,62,0,-75,-68],[43,55,41,62,0,-75,-68],[86,55,58,44,0,-36,-57],[86,55,58,44,0,-36,-57],[146,55,59,44,0,-42,-57],[146,55,59,44,0,-42,-57],[1,119,65,43,0,-36,-58],[68,119,49,72,0,-50,-71],[119,119,53,72,0,-15,-71],[174,119,53,72,0,-68,-71],[1,193,65,90,0,-36,-52],[68,193,65,90,0,-36,-52],[135,193,65,90,0,-36,-52],[135,193,65,90,0,-36,-52],[1,285,65,90,0,-36,-52],[1,285,65,90,0,-36,-52],[68,285,65,90,0,-36,-52],[135,285,65,90,0,-36,-52]],"animations":{"tail4":{"frames":[0]},"ears1":{"frames":[1]},"ears5":{"frames":[2]},"ears6":{"frames":[3]},"ears2":{"frames":[4]},"ears3":{"frames":[5]},"ears7":{"frames":[6]},"ears4":{"frames":[7]},"ears0":{"frames":[8]},"feet":{"frames":[9]},"shadow":{"frames":[10]},"tail2":{"frames":[11]},"tail3":{"frames":[12]},"tail5":{"frames":[13]},"tail6":{"frames":[14]},"face5":{"frames":[15]},"face6":{"frames":[16]},"face2":{"frames":[17]},"face3":{"frames":[18]},"face4":{"frames":[19]},"tail0":{"frames":[20]},"tail1":{"frames":[21]},"tail7":{"frames":[22]},"body1":{"frames":[23]},"body0":{"frames":[24]},"body2":{"frames":[25]},"body3":{"frames":[26]},"body5":{"frames":[27]},"body6":{"frames":[28]},"body7":{"frames":[29]},"body4":{"frames":[30]}}}]